epoch;jito_total_mev_lamports;jito_total_mev_sol;jito_stake_weight_lamports;jito_mev_reward_per_lamport
390;168139;0.000168;1663859579300303700;1.0105359976994383e-13
391;249164;0.000249;1707567583147595895;1.4591750420836093e-13
392;164692;0.000165;1716005796680379127;9.597403477225859e-14
393;97646;9.8e-05;1106609847467526570;8.823886776668632e-14
394;146936;0.000147;1795368088570021727;8.184171309240094e-14
395;147004;0.000147;1864472842761843801;7.884480622535804e-14
397;137995;0.000138;1613133940997962456;8.554466339889274e-14
398;143172;0.000143;1925363401565679897;7.43610270578398e-14
399;1824990;0.001825;592479875893508286;3.0802565188357924e-12
400;97007233;0.097007;2063825672162248194;4.7003598369995344e-11
401;2053343;0.002053;1850525290335537052;1.109600074488951e-12
402;22303771;0.022304;2191459733512320482;1.0177586500415891e-11
403;1602746074;1.602746;2206725639968332087;7.263005626848113e-10
404;2345750940;2.345751;1802108276803985433;1.3016703658673371e-09
405;4923678992;4.923679;220300868129469018;2.2349793869656448e-08
407;2953764437;2.953764;1878455027970359118;1.5724435203495373e-09
408;3061870095;3.06187;1813245211843509768;1.6886133629367343e-09
409;3497121029;3.497121;2078704601712135945;1.6823559375004886e-09
410;3428246019;3.428246;2034941498375222783;1.6846902093928726e-09
411;5391856126;5.391856;2087495880090946299;2.582930187993996e-09
412;3213071009;3.213071;761796830363229318;4.21775318685428e-09
413;3169283960;3.169284;37497416338243986;8.45200621667263e-08
414;6838333786;6.838334;44225902447550606;1.5462282073519863e-07
415;5132175790;5.132176;44020477811718176;1.16586099132114e-07
417;6256436249;6.256436;54746555226114163;1.1427999849779907e-07
418;6044177718;6.044178;54376451183731041;1.1115432483038477e-07
419;5852041438;5.852041;60337826171284407;9.698793956195038e-08
420;6591126321;6.591126;61802281270254730;1.066485926656609e-07
421;47312946725;47.312947;62038878306825329;7.626338195704414e-07
422;9142986187;9.142986;63186704685918510;1.4469794290502955e-07
423;15832452606;15.832453;63773039054034278;2.4826247644534103e-07
424;7846607121;7.846607;64023035662942324;1.2255912328664786e-07
425;7656084668;7.656085;75142463050546494;1.0188759267645963e-07
426;12156790133;12.15679;77165165187874449;1.5754246237148327e-07
427;8729881319;8.729881;77153731662815713;1.1314917802229094e-07
428;10490331248;10.490331;78867787145811339;1.3301160876500057e-07
429;11615075674;11.615076;80247582314741365;1.44740506055923e-07
430;18021749304;18.021749;82773782566510501;2.177229159428487e-07
431;10993192770;10.993193;85826101814592164;1.2808682367688446e-07
432;16925900828;16.925901;85951165882947176;1.9692462172125255e-07
433;11925590472;11.92559;88905751741608643;1.341374459850467e-07
434;13505176484;13.505176;89903482221335154;1.5021861389919626e-07
435;16556970994;16.556971;94740104072984655;1.7476200977407683e-07
436;13033592576;13.033593;91972916856903136;1.4171120174734077e-07
437;15786680781;15.786681;94903566135428314;1.6634444229916768e-07
438;22024160367;22.02416;94866862918429164;2.321586240912949e-07
439;18792299390;18.792299;99680450399890923;1.885254261453514e-07
440;13443070665;13.443071;100227780231166677;1.3412519596857004e-07
441;16776205263;16.776205;100384373347097226;1.671196890873963e-07
442;13494191678;13.494192;96047108793874713;1.4049555314527672e-07
443;17108019041;17.108019;97637833067456301;1.752191594541059e-07
444;20923491126;20.923491;102500571184320299;2.0413048321823112e-07
445;40422841124;40.422841;102557299729723050;3.941488439197341e-07
446;52628766682;52.628767;102113727993216973;5.153936470275175e-07
447;52800065248;52.800065;102222168321527890;5.165226497830056e-07
448;27766663298;27.766663;103774196831288505;2.675680867291299e-07
449;33406618829;33.406619;103644690347257748;3.2231867080766363e-07
450;25861615168;25.861615;104007082533865523;2.486524430639544e-07
451;24458904485;24.458904;103580642585030548;2.361339326981043e-07
452;24204416010;24.204416;104046742432773373;2.3263021449843992e-07
453;142634587534;142.634588;102764357536320434;1.3879772223904388e-06
454;43278345444;43.278345;103051225286993050;4.1996924659043833e-07
455;108760358393;108.760358;103465216030076424;1.0511779955244507e-06
456;56409365935;56.409366;102289657416087683;5.514669553104611e-07
457;91061653300;91.061653;102366983466486351;8.895607764959923e-07
458;68200846033;68.200846;102964659107523444;6.623714061130387e-07
459;120688263679;120.688264;103291210926695493;1.1684272320580207e-06
460;163562317207;163.562317;104544396890208077;1.5645249489436742e-06
461;130160367090;130.160367;104634971261531898;1.2439470811787022e-06
462;70243232184;70.243232;103879192163021015;6.762011787092549e-07
463;54386691729;54.386692;104348184043676926;5.212040077883427e-07
464;66261877878;66.261878;104733479016726176;6.326714103273302e-07
465;133313629560;133.31363;104758747295278046;1.2725775460471649e-06
466;73139521909;73.139522;105426090737191487;6.937516263533269e-07
467;58611895794;58.611896;107621709966017812;5.446103375657854e-07
468;176625947604;176.625948;106534226658370939;1.6579267822574614e-06
469;158334819325;158.334819;105918273881398246;1.4948772626553098e-06
470;34487772724;34.487773;106042624242694688;3.2522556821179267e-07
471;121985300047;121.9853;107675096918311141;1.1329016972192321e-06
472;67155466104;67.155466;107858441005308851;6.226259667585458e-07
473;36553528161;36.553528;108412799101923281;3.371698587602608e-07
474;169183307347;169.183307;108185314470678063;1.5638287707973017e-06
475;241467734069;241.467734;108419031059899231;2.227171112934907e-06
476;96755285375;96.755285;108200261525897453;8.942241359725537e-07
477;80378347105;80.378347;107936634214001346;7.446808740175953e-07
478;65840101430;65.840101;107384339131944002;6.131257310165287e-07
479;65453487982;65.453488;107629685239876990;6.081360159710786e-07
480;59324310892;59.324311;105284455761900591;5.634669473541388e-07
481;28336748246;28.336748;105709584612501573;2.680622419421446e-07
482;28788645938;28.788646;108008013959074828;2.665417581783169e-07
483;156395451517;156.395452;108358203003378503;1.443318984462337e-06
484;50364074544;50.364075;108678620746548842;4.634220990111281e-07
485;46284865514;46.284866;108874848786641677;4.251199062944544e-07
486;101775989395;101.775989;109112491127830942;9.327620361610491e-07
487;81950576467;81.950576;108975192622540214;7.520113017909868e-07
488;37103950956;37.103951;109326179765484036;3.3938761086861184e-07
489;74639300812;74.639301;109377113816736804;6.824032762197347e-07
490;145301018279;145.301018;111027719238838946;1.3086913725250316e-06
491;56608726573;56.608727;111590027857465585;5.072919835212029e-07
492;35367511093;35.367511;111840052335404338;3.1623296265039374e-07
493;143688927866;143.688928;122425578775241590;1.173683876388245e-06
494;60039724808;60.039725;123275633957722329;4.87036431129535e-07
495;157212249946;157.21225;123471361570276186;1.2732689422601007e-06
496;81963718231;81.963718;123641420775977145;6.629147232100159e-07
497;138808092562;138.808093;123385918775075739;1.1249913599544356e-06
498;23743086752;23.743087;123394158569688189;1.924166186407506e-07
499;33886904256;33.886904;123258888368168651;2.749246298147795e-07
500;55968994891;55.968995;123691975969697722;4.524868687093444e-07
501;69732669881;69.73267;116462667190814282;5.987555631604151e-07
502;80131268803;80.131269;124192318358157075;6.452192040727526e-07
503;58800704335;58.800704;118132629508712343;4.977515914065336e-07
504;49391479937;49.39148;118201029333887391;4.178599815529679e-07
505;95456595385;95.456595;122682600028443958;7.780777010176537e-07
506;121077495268;121.077495;123165580551102304;9.830465193785537e-07
507;42543774836;42.543775;130300273968077813;3.2650564377495304e-07
508;38119277891;38.119278;124528187017262629;3.0610963512795495e-07
509;30900039182;30.900039;124905658826295615;2.4738702371341085e-07
510;107278063050;107.278063;128921241861437762;8.321209251559998e-07
511;78368811890;78.368812;127492757498010696;6.146922650976688e-07
512;55332969352;55.332969;127671907333076069;4.3339972361848504e-07
513;121345790257;121.34579;128021660759492855;9.478535861596544e-07
514;62799211292;62.799211;127790211165514549;4.914242704448006e-07
515;77673812779;77.673813;137443013469482674;5.651346752248444e-07
516;45933119860;45.93312;141122736961344384;3.254834823149849e-07
517;47313196258;47.313196;149563354895414197;3.1634217011971214e-07
518;55136910630;55.136911;155751759718351542;3.54005057340636e-07
519;28591154555;28.591155;155466943362194165;1.8390504075448802e-07
520;68593748571;68.593749;147028309933503126;4.665342926272027e-07
521;87972694550;87.972695;149492117880023795;5.884771437956565e-07
522;271135901707;271.135902;155061851289257446;1.7485661331439557e-06
523;286915691804;286.915692;160583875655855466;1.786702996376075e-06
524;129738673138;129.738673;162402899506449896;7.988691921898068e-07
525;270865645355;270.865645;163969121236294018;1.6519308227837522e-06
526;1583817304684;1583.817305;163313629610604406;9.6980105607864e-06
527;208954031565;208.954032;158091160706884769;1.3217312759972683e-06
529;202964737175;202.964737;161926146651452811;1.2534401724008357e-06
530;454681053089;454.681053;163114306882566166;2.787499525816253e-06
531;260518806124;260.518806;164230138301414490;1.5863032742861436e-06
532;177209546800;177.209547;163664516630950797;1.082760945670295e-06
533;177159863767;177.159864;166848671616487090;1.0617996658326047e-06
534;226294747611;226.294748;159824421964225830;1.4158959239762025e-06
535;648879217679;648.879218;161000935789456743;4.0302822744306824e-06
536;243687988131;243.687988;162887007951235079;1.4960554018154414e-06
537;130687909996;130.68791;163479675049943647;7.994138106530635e-07
538;102769299267;102.769299;166239476338986147;6.182003308133542e-07
539;155429711447;155.429711;163486946826012121;9.507163383044464e-07
540;108014313357;108.014313;163665271221668826;6.599708817315619e-07
541;172668777856;172.668778;163932441700505373;1.0532922956851663e-06
542;116277783301;116.277783;167083444306382631;6.959264203805868e-07
543;471570758315;471.570758;170019422229692135;2.7736287544720586e-06
544;931724547197;931.724547;171562370977953273;5.430821117042803e-06
545;1775876986474;1775.876986;176951585205086332;1.0035948445535337e-05
546;4194046609582;4194.04661;181915898807158666;2.3054865666402974e-05
547;1978995506056;1978.995506;182493927397300610;1.0844171826866347e-05
548;3803118943469;3803.118943;182586823431086382;2.0829098573503628e-05
549;5876832799086;5876.832799;187686745415200567;3.131192235277602e-05
550;3595049041702;3595.049042;185907150931197246;1.933787389938808e-05
551;4824675628451;4824.675628;186017938880556905;2.5936614809762783e-05
552;2708147610532;2708.147611;186338856411503643;1.4533456213509381e-05
553;1544624378694;1544.624379;186006600449506399;8.304137460505364e-06
554;3268576200419;3268.5762;186430636518201298;1.753239843763494e-05
555;3169706884046;3169.706884;185017113260545773;1.713196594729234e-05
556;1946254888364;1946.254888;184830941290623652;1.0529919259047415e-05
557;2115358143566;2115.358144;187667854659862640;1.1271819286259582e-05
558;3948419684281;3948.419684;189017511092982125;2.0889174031810633e-05
559;2178576458242;2178.576458;189857430495374743;1.147480218476397e-05
560;3017963398559;3017.963399;192049547380916737;1.5714504093951767e-05
561;3494523534241;3494.523534;195074574475402893;1.791378268356355e-05
562;4688081968866;4688.081969;196896949901699717;2.380982524719917e-05
563;4600931718445;4600.931718;197427918739890994;2.3304362158153905e-05
564;4150848292751;4150.848293;197787107821295212;2.0986445165583685e-05
565;4906892990909;4906.892991;201018281673129364;2.4410182745905527e-05
566;4995061680824;4995.061681;203312562158236313;2.456838686109513e-05
567;10757673049110;10757.673049;202857900559226925;5.303058455921051e-05
568;8081591755420;8081.591755;205077774856192034;3.9407448033250335e-05
569;4610776835699;4610.776836;208225211187421227;2.214322083961721e-05
570;4417242600958;4417.242601;228822268335499378;1.9304251430990255e-05
571;3465171889807;3465.17189;227691373866015009;1.5218722742856655e-05
572;2958806304513;2958.806305;227655646427335733;1.299685007135286e-05
573;5572312052280;5572.312052;230568859070151849;2.4167669800476365e-05
574;4719177069533;4719.17707;233207125983697753;2.0235990000849682e-05
575;3438782218402;3438.782218;236667306021358183;1.4530026458710207e-05
576;3064881237088;3064.881237;237486004326761062;1.2905523615071553e-05
577;2807566607125;2807.566607;239218937065848667;1.1736389441243e-05
578;2792983313059;2792.983313;238530761323199531;1.170911163644265e-05
579;4223747610920;4223.747611;238939551854284589;1.767705504652415e-05
580;6059806310825;6059.806311;240334232371170263;2.5214078955952822e-05
581;5709192112448;5709.192112;242874642517380975;2.350674427462896e-05
582;7825209135461;7825.209135;241987824187658920;3.233720193042703e-05
583;10732963379397;10732.963379;242976053864210109;4.417292654442086e-05
584;16586118829987;16586.11883;246952342415526906;6.716323752086087e-05
585;13900207420315;13900.20742;244656772942030951;5.681513433355274e-05
586;5804921731273;5804.921731;246420553679635271;2.3556970571618073e-05
587;6504103583216;6504.103583;246570875638149026;2.637823127481199e-05
588;9397954079278;9397.954079;248062540928512142;3.788542213629243e-05
589;11378664813421;11378.664813;258762885576131897;4.3973326345030366e-05
590;14708495218102;14708.495218;261075141103408397;5.6338168222137095e-05
591;13369486318175;13369.486318;261304245569933939;5.1164443535981e-05
592;10467377168367;10467.377168;262247659606318014;3.991409183243221e-05
593;11850304184604;11850.304185;265222730470238442;4.468057531718143e-05
594;11755885548015;11755.885548;266575745706630125;4.409960672473368e-05
595;14641215565999;14641.215566;266511727462468154;5.4936477675493165e-05
596;17749733203603;17749.733204;258890642733806583;6.856073675035608e-05
597;19935014774566;19935.014775;259705932901809217;7.675995134890939e-05
598;19048910428837;19048.910429;268811430114079605;7.086346894085911e-05
599;21270197396270;21270.197396;269420611939984081;7.894792177596319e-05
600;19630470685094;19630.470685;273972433518536409;7.16512622565213e-05
601;18343098709165;18343.098709;276034276496307296;6.645224985097236e-05
602;14604172742834;14604.172743;274561005685613012;5.319099376972911e-05
603;11281814297405;11281.814297;272307058587371532;4.143048790556839e-05
604;12192481925364;12192.481925;274178065485623306;4.446920983182486e-05
605;12083909544404;12083.909544;273324663040988585;4.421082755562333e-05
606;16395955881170;16395.955881;283267627758341431;5.788150241847459e-05
607;14549065399910;14549.0654;281505183760159762;5.168311718304161e-05
608;14471997205343;14471.997205;287482861698565576;5.034038244866689e-05
609;14523137212456;14523.137212;282573810617358195;5.139590672159715e-05
610;19572252696687;19572.252697;283011871435403929;6.915700248692313e-05
611;18800638030164;18800.63803;284670730852924412;6.604345298806774e-05
612;18026725261728;18026.725262;286011960915440641;6.302787199538693e-05
613;14551314259653;14551.31426;285481416267149070;5.0971143585879186e-05
614;18828971938915;18828.971939;290255337067009394;6.48703728557731e-05
615;20744366298085;20744.366298;293848100416322330;7.059554330517877e-05
616;15869764780480;15869.76478;293571299932040814;5.405761661359169e-05
617;15868451141337;15868.451141;294455052260543095;5.389091142948396e-05
618;16536297265371;16536.297265;294554505346645231;5.614002490272667e-05
619;15746139873275;15746.139873;285698769727060569;5.511448260109036e-05
620;16211504834212;16211.504834;285933704265730291;5.669672582266119e-05
621;25635870728610;25635.870729;286712145667579807;8.941327082227195e-05
622;21365730454829;21365.730455;285286822996502777;7.489210413020343e-05
623;17690220939178;17690.220939;287801505620936620;6.146674215970847e-05
624;18374934322505;18374.934323;294338805397707501;6.242783481327575e-05
625;23399483806396;23399.483806;295329811344341269;7.923170268481043e-05
626;28971851875726;28971.851876;300228816886670961;9.64992374021917e-05
627;23343109881926;23343.109882;297625789318243051;7.843107257404315e-05
628;23293816760142;23293.81676;298407556924922978;7.806041174085461e-05
629;12258223992519;12258.223993;304886317291301935;4.0205884283114444e-05
630;18569821360541;18569.821361;304724403516584471;6.093972503101593e-05
631;19167406784027;19167.406784;303516363361647284;6.315114800314261e-05
632;15419479012658;15419.479013;305824777352697828;5.0419325556723e-05
633;13434936033259;13434.936033;308039166230645515;4.361437604723141e-05
634;14970721716918;14970.721717;307099508464207941;4.874876482800629e-05
635;15703295888044;15703.295888;303259112128278554;5.1781777562553534e-05
636;13842651413187;13842.651413;304296228016623252;4.549070983696452e-05
637;12880276647141;12880.276647;305275772288536843;4.219226619453763e-05
638;12011651929267;12011.651929;306174837895230047;3.923134902867906e-05
639;12469216493658;12469.216494;305504806711228100;4.081512375497339e-05
640;10370383251823;10370.383252;306042612370294517;3.3885422593620435e-05
641;10661811891927;10661.811892;304168853948596143;3.505228018424537e-05
642;16413148805312;16413.148805;302883077317931223;5.418971885340229e-05
643;12980974260257;12980.97426;307790788071734840;4.21746678696297e-05
644;10962366561908;10962.366562;308131596285034275;3.557689861758728e-05
645;11215983031878;11215.983032;307962283865073120;3.6419989133448676e-05
646;13506761676691;13506.761677;313558519620619687;4.307572855310416e-05
647;21764060265422;21764.060265;313186492521428283;6.949233375361135e-05
648;30346214145647;30346.214146;317106714247162870;9.569716685971592e-05
649;29160551109744;29160.55111;317071696511075723;9.196831956498957e-05
650;23031133686646;23031.133687;311301232242996810;7.398343244805489e-05
651;17885632314507;17885.632315;313615158813041285;5.7030509565289704e-05
652;25571496927874;25571.496928;312785504526883779;8.175409844056933e-05
653;24557395882408;24557.395882;313524614204981013;7.832685144890245e-05
654;15871919746075;15871.919746;313581534893021548;5.061496925030905e-05
655;18683260019085;18683.260019;313906798447385568;5.95184943795237e-05
656;16376713842836;16376.713843;315570629173850428;5.1895557852482954e-05
657;11603658170956;11603.658171;312915946646885321;3.708234845586289e-05
658;13269179076870;13269.179077;315752088284348926;4.20240421812207e-05
659;6625419740360;6625.41974;317731826522580180;2.0852238231441864e-05
660;7477748816234;7477.748816;310628979262851046;2.4072927239368755e-05
661;6190602141250;6190.602141;311303089974568892;1.9886092816347326e-05
662;7776278446894;7776.278447;311937392051206503;2.492897179065174e-05
663;6656060606355;6656.060606;313573279427635726;2.1226491678450046e-05
664;5029404255054;5029.404255;314255652132576807;1.600418073922889e-05
665;6761039494664;6761.039495;315778633064028888;2.1410693399553406e-05
666;5720963317116;5720.963317;317249745623484137;1.803299575819269e-05
667;4045023232715;4045.023233;316826143945113639;1.2767327791660248e-05
668;5352843366532;5352.843367;317030731587175667;1.688430436927563e-05
669;5702557070933;5702.557071;316907155372102925;1.7994409322305228e-05
670;4745294504443;4745.294504;305455487877112882;1.5535142411165545e-05
671;4534119179531;4534.11918;307474168135629548;1.474634180498363e-05
672;5902708455509;5902.708456;307315310618577848;1.920733608627493e-05
673;5629354178096;5629.354178;308068655825318449;1.8273050736092945e-05
674;6344727762149;6344.727762;308980577474199688;2.053439026496348e-05
675;9830755225249;9830.755225;309224493992135209;3.1791644634396374e-05
676;21869318345026;21869.318345;309490038295238853;7.066243057608112e-05
677;22456331673910;22456.331674;321840324902862062;6.977476076277197e-05
678;22124823544593;22124.823545;326489235390856541;6.776585916563611e-05
679;19695739834836;19695.739835;330754811448666190;5.9547855853014006e-05
680;18942427135714;18942.427136;329684781737295868;5.7456176884767386e-05
681;19832352549926;19832.35255;334516894846442654;5.928654981396347e-05
682;20561361189116;20561.361189;341796837379935102;6.015667478590613e-05
683;25867839348556;25867.839349;341893621115566383;7.566049130765206e-05
684;34397744711247;34397.744711;347385586779415939;9.901891736541446e-05
685;40467506010665;40467.506011;347466791885484679;0.00011646438438353545
686;48918516226688;48918.516227;347655005996286170;0.00014070994342940823
687;49788890680849;49788.890681;348685349418070883;0.000142790314430884
688;65294078444475;65294.078444;348277906112536050;0.0001874769467098412
689;45789526129088;45789.526129;348735277366014063;0.00013130167522751
690;54799781900814;54799.781901;349904857112442499;0.00015661337871398568
691;44057703482962;44057.703483;348718274701541808;0.00012634182570635206
692;36953192269837;36953.19227;350278375991595150;0.00010549664153611265
693;40910087715062;40910.087715;350377253446029444;0.00011676011302875176
694;47429818252541;47429.818253;350606666369153715;0.00013527928246122436
695;37793551643746;37793.551644;349886675307542766;0.00010801655024595118
696;64464664939194;64464.664939;356305373904578753;0.00018092532322136156
697;79517522641983;79517.522642;353939713720968563;0.00022466403050964585
698;89822343909259;89822.343909;355462816926938505;0.00025269125104503126
699;111012321412413;111012.321412;352944301155301793;0.00031453212602961276
700;116070354050243;116070.35405;352900483707920502;0.00032890392450215253
701;73820625651296;73820.625651;351553125203365827;0.0002099842679782533
702;61117999272417;61117.999272;357252576760810689;0.00017107784029599034
703;64331102356244;64331.102356;358130077299843618;0.00017963054888121816
704;51147094107423;51147.094107;360390574565045093;0.00014192128684040184
705;44294049077162;44294.049077;360089370395570768;0.0001230084882219751
706;46772845571711;46772.845572;360245308203181328;0.00012983609919863475
707;38964814802529;38964.814803;359346107902722589;0.00010843254997234321
708;27781891984378;27781.891984;360118582186743845;7.714651050684011e-05
709;43919559674580;43919.559675;360850079895554015;0.0001217113757804689
710;49826942482446;49826.942482;358775602307150385;0.00013888052075455452
711;44346055789981;44346.05579;362586656640666879;0.0001223047097233066
712;34995983165031;34995.983165;362256114332392878;9.660563833277351e-05
713;45821029759147;45821.029759;362702891449615291;0.00012633213255073322
714;49435123398157;49435.123398;363564587394605943;0.00013597342841452562
715;35695470311571;35695.470312;362805264114459356;9.838741011296254e-05
716;28750672019612;28750.67202;361931309200284733;7.943681933220654e-05
717;37276543402464;37276.543402;361747254927383889;0.00010304582244845725
718;34359330137875;34359.330138;362926562391831111;9.467295507783525e-05
719;38270308793711;38270.308794;363898703965744013;0.00010516747758825108
720;40840025195907;40840.025196;362057727379227077;0.0001127997612191005
721;56456529406359;56456.529406;363985511737754715;0.00015510652920447821
722;55134526243289;55134.526243;363530440090307729;0.00015166412537445987
723;61757158197144;61757.158197;364327706462210050;0.0001695099140189871
724;63847731168244;63847.731168;366007915681137802;0.00017444358013247852
725;56750472480769;56750.472481;364895754578731607;0.00015552516511540903
726;54574447611877;54574.447612;364335803944872381;0.00014979161263034872
727;58037990581684;58037.990582;361073989526464781;0.0001607371127945236
728;79447052255319;79447.052255;361270573599309952;0.00021991011186932373
729;181353994082048;181353.994082;357255402032972606;0.0005076312157914132
730;103082100573695;103082.100574;347618644074094481;0.00029653789384128423
731;129553184016673;129553.184017;350311034647907734;0.000369823303302121
732;85856723806240;85856.723806;350350075576828589;0.0002450598124315586
733;77789973855167;77789.973855;350971858898895048;0.00022164162705015067
734;92746565883758;92746.565884;351426413751214799;0.0002639146127172332
735;57065254824485;57065.254824;348764549056475501;0.00016362114492102353
736;46556984304007;46556.984304;348440623608066028;0.00013361525938598756
737;49698693424808;49698.693425;347047793757343184;0.000143204176251175
738;41430168794944;41430.168795;348618216241303494;0.00011884108995115514
739;48660389320010;48660.38932;355618401371881422;0.00013683315917368486
740;73181046308335;73181.046308;352377512670807900;0.0002076779694415431
741;51958232726407;51958.232726;353626635767395342;0.00014692963558487015
742;44405262883957;44405.262884;354621676817209559;0.00012521869300969379
743;26514668902987;26514.668903;356961845730876609;7.42787197570049e-05
744;30063158547683;30063.158548;356510375393910556;8.432618129126265e-05
745;25336073462022;25336.073462;352098437864689529;7.195735833329252e-05
746;19457390446353;19457.390446;353206889606865552;5.508779986712579e-05
747;22136876770432;22136.87677;360367343522409429;6.14286426568378e-05
748;18152287386944;18152.287387;359749405032286741;5.0458144288841485e-05
749;13601626665768;13601.626666;355479760951411928;3.826273155288611e-05
750;23480162751772;23480.162752;352200451418155870;6.666704331930224e-05
751;19427956561276;19427.956561;357957221472144223;5.427452051777606e-05
752;23258909453485;23258.909453;359177753149108569;6.475598571894103e-05
753;17087564450455;17087.56445;360379178436362455;4.741551530417401e-05
754;17051873328970;17051.873329;360933795258418881;4.7243770334006316e-05
755;17979923092808;17979.923093;357652143263027060;5.0272096592987775e-05
756;16657640504708;16657.640505;358004258775182607;4.6529168568267134e-05
757;15311708860021;15311.70886;357105530709581050;4.2877266083211044e-05
758;15625914180006;15625.91418;361461786568774863;4.3229781848690325e-05
759;12352910999256;12352.910999;360651386588556380;3.425166645303552e-05
760;10180881822482;10180.881822;361557006663636725;2.8158441503952003e-05
761;24699699939652;24699.69994;362258700333988351;6.818248924561327e-05
762;20414373469401;20414.373469;359302234078172173;5.681671732928751e-05
763;20477678773792;20477.678774;361833930646761923;5.6594136258003965e-05
764;17662074292980;17662.074293;362948797200262738;4.866271614404792e-05
765;24657790815941;24657.790816;365328462398556731;6.749485286213609e-05
766;17873441016020;17873.441016;364839520109420884;4.898987097302257e-05
767;15379403997874;15379.403998;364891763877948241;4.214785182988734e-05
768;24331500271301;24331.500271;364404360278054517;6.677060684107931e-05
769;28722360486887;28722.360487;363738953131988992;7.896421386703831e-05
770;25045612368060;25045.612368;363845740676398392;6.883579926344493e-05
771;25884080006158;25884.080006;363995661925934631;7.111095739219238e-05
772;33728575565659;33728.575566;365600805315321980;9.225520041338232e-05
773;24522635053565;24522.635054;368422237298124582;6.656122397335496e-05
774;16088224603449;16088.224603;369618618175639847;4.352655362128972e-05
775;23468900282188;23468.900282;370272562397514729;6.338276898030704e-05
776;26700958904113;26700.958904;371122113105455479;7.194655872345133e-05
777;26736684125369;26736.684125;368663456625416999;7.252328280677677e-05
778;24727474332985;24727.474333;370390131098865115;6.676061875521382e-05
779;28206672895799;28206.672896;371627698667475742;7.5900351338014e-05
780;34510174143555;34510.174144;371253094199334840;9.295592328457644e-05
781;22889783482474;22889.783482;373828426295121754;6.123071942207917e-05
782;24822884454744;24822.884455;372810137465224260;6.65831799089945e-05
783;26844588080742;26844.588081;364750960702617737;7.359703187355949e-05
784;27073007635345;27073.007635;372043674167862689;7.276835897263477e-05
785;24255551705098;24255.551705;372923553650179511;6.504161903340353e-05
786;48005241018439;48005.241018;374894832770988664;0.00012804988712064718
787;42824762428354;42824.762428;381401234186792638;0.00011228270542874127
788;24721212857439;24721.212857;382936430280292206;6.455696272967339e-05
789;23149136902204;23149.136902;382365466394832554;6.054191326551462e-05
790;24857702580230;24857.70258;380881581650334894;6.526359839329381e-05
791;21150160747566;21150.160748;384131302032674239;5.505971691358536e-05
792;12872820601647;12872.820602;381187903103493421;3.377027575335201e-05
793;16465268270708;16465.268271;383854194236586728;4.28945899717321e-05
794;14406047501161;14406.047501;381833112111072653;3.7728649098851277e-05
795;10734741041772;10734.741042;382823527849339012;2.8040964728784068e-05
796;13329249399823;13329.2494;382882554845779685;3.481289296450671e-05
797;15407452358818;15407.452359;383845821291475341;4.013969021983509e-05
798;18611237754966;18611.237755;385512074006997323;4.827666630910292e-05
799;10143249700470;10143.2497;385734145097502046;2.629596013053522e-05
800;13745735564087;13745.735564;384739871994854777;3.572734869618823e-05
801;13854470089690;13854.47009;382842312768432512;3.6188450512443926e-05
802;11299068710221;11299.06871;382959370657324545;2.9504614786751117e-05
803;15020564680302;15020.56468;385846400826475348;3.8928870784146874e-05
804;13334000505754;13334.000506;387524911700350201;3.440811184821167e-05
805;13088270397843;13088.270398;384971526176070889;3.399802195203636e-05
806;11848727879668;11848.72788;385132793558038994;3.0765305052846435e-05
807;14263956080167;14263.95608;384937740777113678;3.705522885693379e-05
808;15423003986088;15423.003986;377959721556072794;4.080594599496205e-05
809;12305708818182;12305.708818;381137301063412391;3.228681313491963e-05
810;14395085240624;14395.085241;380091072370675567;3.787272653061818e-05
811;16704644505246;16704.644505;387678552050108218;4.3088905529875406e-05
812;13960891440603;13960.891441;382917707006562830;3.645924747053738e-05
813;16867186983245;16867.186983;386157735382649333;4.367952636383435e-05
814;17509928810655;17509.928811;388710136781850736;4.504623665238193e-05
815;16788646782152;16788.646782;388639211544776144;4.319854066042365e-05
816;13054352884301;13054.352884;389696661052474562;3.349875477260804e-05
817;16351053744355;16351.053744;390949976699745196;4.182390259333057e-05
818;22314895936818;22314.895937;392318868526883081;5.6879486884248354e-05
819;23533626222201;23533.626222;391268534936480843;6.0146993997412764e-05
820;13016519323660;13016.519324;388573899148093049;3.349818233339227e-05
821;18350061511925;18350.061512;390401860773821988;4.700300730010107e-05
822;16864981610162;16864.98161;388968752743682781;4.3358191348793134e-05
823;12507003047601;12507.003048;385582173715352997;3.243667342576371e-05
824;12913423084762;12913.423085;385384376249354876;3.350790504388959e-05
825;14644018667417;14644.018667;389207630213362276;3.762520960698843e-05
826;13051361626701;13051.361627;393695141598479156;3.315093392747983e-05
827;9047958599052;9047.958599;387165388685433611;2.336975066333561e-05
828;15843460830230;15843.46083;396739405800993170;3.9934174923317734e-05
829;17957335950332;17957.33595;394901949318736577;4.547289771881608e-05
830;15963790633201;15963.790633;388555829127768682;4.108493409823903e-05
831;13645117974496;13645.117974;393246150259315745;3.4698668926569496e-05
832;18244074607880;18244.074608;396011134882995954;4.606960007139781e-05
833;14849077898060;14849.077898;393846724966329557;3.770268217751326e-05
834;7824256730279;7824.25673;393999569755938650;1.9858541305326052e-05
835;9305237695200;9305.237695;395374176214969000;2.3535269258811293e-05
836;11509827315519;11509.827316;395546285392319598;2.909855999305635e-05
837;8751465780517;8751.465781;395085113444842729;2.2150836573443253e-05
838;7459976175523;7459.976176;394356919253434616;1.8916813199691382e-05
839;10199460968159;10199.460968;394793762114578795;2.583490912705674e-05
840;10484556018142;10484.556018;385029362770941784;2.723053624452891e-05
841;5853079555701;5853.079556;389476163559942645;1.5028081570389036e-05
842;5913899974521;5913.899975;392489730919282623;1.50676553006102e-05
843;7718749771271;7718.749771;395765972396963816;1.9503318399311216e-05
844;5798677466617;5798.677467;394401596462646099;1.4702469560531292e-05
845;4345928353512;4345.928354;395853289717808819;1.0978633919172614e-05
846;5864011981921;5864.011982;395412627371601426;1.4830108033980693e-05
847;9335708205854;9335.708206;391574494665446541;2.3841461415484282e-05
848;6648776349341;6648.776349;391820831051343927;1.6968920032916138e-05
849;13906753832159;13906.753832;398725831757253621;3.487798563456381e-05
850;6555370631683;6555.370632;400651623691276117;1.63617722830802e-05
851;4915310800544;4915.310801;401610166730411676;1.2239009885034844e-05
852;3395365842932;3395.365843;400411097216059272;8.479699655026999e-06
853;4026480883892;4026.480884;401073383239433440;1.0039262270087528e-05
854;3720554381437;3720.554381;401552650455328607;9.265421053050426e-06
855;2660877845881;2660.877846;400420732586587348;6.645204979004451e-06
856;3378104889906;3378.10489;400394188309266985;8.436947859234986e-06
857;4260187764807;4260.187765;398558709426845658;1.068898424258107e-05
858;4560250490763;4560.250491;402324227198995367;1.1334764805270933e-05
859;2973845738630;2973.845739;406481616916576439;7.31606452756345e-06
860;3882586079563;3882.58608;405312843890797925;9.579232778049026e-06
861;2670759517122;2670.759517;407701602233412766;6.550770226291548e-06
862;13395243895143;13395.243895;409562252480111353;3.270624627642774e-05
863;3249216980321;3249.21698;407228870353546107;7.978847318708297e-06
864;3368827418876;3368.827419;402897217542537773;8.361505794018842e-06
865;3074976974787;3074.976975;404829845874885591;7.595726960648388e-06
866;2445936559887;2445.93656;401487236235311137;6.092190085100089e-06
867;3535124297650;3535.124298;400664044314963180;8.823163315525833e-06
868;2946345354179;2946.345354;399077222932270413;7.382895301642009e-06
869;2052190692970;2052.190693;405369409133145545;5.06251988120778e-06
870;1915848929072;1915.848929;405130130339875102;4.728971719444171e-06
871;3335079142520;3335.079143;404896769581441687;8.236862808185917e-06
872;3895217821621;3895.217822;404786898821578567;9.622885110562655e-06
873;2592603754295;2592.603754;401638914221658708;6.455061156908166e-06
874;4679499809698;4679.49981;407480955828465980;1.1483971809636894e-05
875;3017730466264;3017.730466;405111703357197307;7.449131785766234e-06
876;2435502685887;2435.502686;408011489885452764;5.969201226589858e-06
877;3041617553032;3041.617553;408332404071678318;7.448876265274497e-06
878;3936417926043;3936.417926;406699358784396417;9.678938117357135e-06
879;2959060986957;2959.060987;406332394374013218;7.2823654424985345e-06
880;2096557828823;2096.557829;405393466269201603;5.171661615855398e-06
881;2690854513319;2690.854513;401103149166680269;6.708634721291612e-06
882;2661743605133;2661.743605;395052033533436491;6.737703844543594e-06
883;2383474340989;2383.474341;399677626720395548;5.963492028680452e-06
884;1971831625866;1971.831626;403436004691615623;4.887594569982067e-06
885;2389622292865;2389.622293;400671706079395960;5.964040526464026e-06
886;2187535931303;2187.535931;406602853115417035;5.380030943073714e-06
887;2342750076436;2342.750076;407113558735484626;5.754537097002372e-06
888;2595772364676;2595.772365;406921723004429544;6.3790459391319924e-06
889;3350296553055;3350.296553;405647918659497040;8.25912422804086e-06
890;2142026959654;2142.02696;406311407231331347;5.271884868431587e-06
891;2141831021201;2141.831021;406224821051247157;5.2725262224456685e-06
892;2440134739801;2440.13474;406960990077823940;5.995991751775443e-06
893;3304455261052;3304.455261;403285102129330367;8.193844115749873e-06
894;2409434668762;2409.434669;404227726872837467;5.960587333782681e-06
895;2410298571012;2410.298571;407664620788696570;5.912454621028598e-06
896;2442286054010;2442.286054;407552447165866415;5.992568738069763e-06
897;2439466274895;2439.466275;408160442299877962;5.976733710766388e-06
898;2005453711738;2005.453712;408818691951288153;4.905484390075186e-06
899;2793425473311;2793.425473;409483377149245562;6.821828746159022e-06
900;2209665727257;2209.665727;409013599620844297;5.402426054550168e-06
901;2176761055542;2176.761056;410550773865240650;5.302050791545946e-06
902;2898365360668;2898.365361;411244194923313925;7.04779641013162e-06
903;2874263290259;2874.26329;411406643096296162;6.986428971168153e-06
904;2692071499826;2692.0715;411822721318737526;6.5369669046075366e-06
905;3476895300632;3476.895301;413288758068082601;8.41275072877554e-06
906;4789319095064;4789.319095;413235685342431784;1.1589800360768175e-05
907;3753859197584;3753.859198;411876681019051519;9.114036726469503e-06
908;2991523379286;2991.523379;413294193773275731;7.238241969900707e-06
909;3397695854236;3397.695854;412862062051958096;8.229615085845318e-06
910;4213807745610;4213.807746;412214515118286614;1.0222366246372549e-05
911;5335729724844;5335.729725;409801246316064179;1.3020286719012938e-05
912;3711765983217;3711.765983;411012611601026181;9.030783675368205e-06
913;4737305802308;4737.305802;411724660219525182;1.1506004522007844e-05
914;3971818960398;3971.81896;410587918727336144;9.67349203237422e-06
915;4307242244878;4307.242245;411658370396483839;1.046314748982155e-05
916;8546209861663;8546.209862;415747059473245867;2.0556272538622646e-05
917;7208341671544;7208.341672;414253603572214724;1.7400794125590285e-05
918;7368808392918;7368.808393;413967173001423100;1.780046552844099e-05
919;6276207336917;6276.207337;416097327624418811;1.5083507920488454e-05
920;5813851445062;5813.851445;414316420650993814;1.403239445814626e-05
921;7533811771482;7533.811771;411580213091257904;1.830460146491921e-05
922;9486436274060;9486.436274;410039463036862117;2.3135422634204304e-05
923;3892126233234;3892.126233;409092465870994394;9.514050142544953e-06
924;4211860144729;4211.860145;407708556472297661;1.0330565983633412e-05
925;3485215919965;3485.21592;409711701287535411;8.50650813489722e-06
926;2708307308719;2708.307309;408391589360912230;6.63164320537845e-06
927;3442380722409;3442.380722;407401086264071375;8.449611055228506e-06
928;4316122648949;4316.122649;409913837206252386;1.0529341186346188e-05
929;3822344685399;3822.344685;408036495352716710;9.367653945010168e-06
930;3492719160771;3492.719161;408404344266423851;8.55211069569944e-06
931;4193670254633;4193.670255;408545991730161438;1.0264866966074305e-05
932;4014594501282;4014.594501;407056550632670945;9.862498208276673e-06
933;3768743418447;3768.743418;408649706602224823;9.222430256423636e-06
934;3418251529301;3418.251529;411963617996781154;8.297459726959938e-06
